#,HVGS,Common name,Gene,Cohort_n,Cohort frequency (%),IthaGenes (Ethnic Origin),ClinVar classification,Functionality,In Ithagenes? (Yes/No),In gnomAD? (Yes/No),gnomAD total AF (%),gnomAD ME AF (%),,,,,
1,-α3.7,3.7kb del,HBA,838,78.61,Worldwide,?,Causative,Yes,No,NA,NA,,,,,
2,HBA2:c.95+2_95+6delTGAGG,IVS I-2 (-5bp),HBA2,47,4.41,"Mediterranean, Middle East, Dutch, Moroccan",Pathogenic («««),Causative,Yes,No,NA,NA,,,,,
3,HBA2:c.60delG,CD19 (-G),HBA2,44,4.13,	Iranian,Pathogenic (««),Causative,Yes,No,NA,NA,,,,,
4,-α4.2,4.2kb del,HBA,40,3.75,Worldwide,?,Causative,Yes,No,NA,NA,,,,,
5,HBA2:c.*94A>G,PolyA1,HBA2,31,2.91,"Arab, Middle East, Mediterranean",Pathogenic (««),Causative,Yes,No,NA,NA,,,,,
6,HBA2:c.64G>C,Hb Fontainebleau,HBA2,15,1.41,"Italian, Iraqi, Omani, Indian, Turkish, UAE",VUS / Likely Benign («),Causative,Yes,Yes,0.0021605324,0,,,,,
7,--SEA,SEA del,HBA,9,0.84,Southeast Asian,?,Causative,Yes,No,NA,NA,,,,,
8,HBA2:c.*92A>G,PolyA2,HBA2,7,0.66,"Mediterranean, Turkish, Cypriot, UAE, Iranian",Pathogenic («««),Causative,Yes,No,NA,NA,,,,,
9,HBA2:c.427T>C,Hb Constant Spring,HBA2,7,0.66,Southeast Asian,Pathogenic («««),Causative,Yes,Yes,0.002238444,0.0166334,,,,,
10,HBA2:c.326C>A,Hb Bleuland,HBA2,6,0.56,Surinamese,VUS  (««),Causative,Yes,Yes,0.0047312112,0,,,,,
11,--FIL,FIL del,HBA,4,0.38,Philippinos,?,Causative,Yes,No,NA,NA,,,,,
12,HBA1:c.193G>C,Hb Q-India,HBA1,3,0.28,"French, Hindu, Iranian",VUS  (««),Causative,Yes,No,NA,NA,,,,,
13,HBA1:c.283_300+3dup,IVS II-3 (+21bp),HBA1,2,0.19,Iranian,Pathogenic/Likely Pathogenic (««),Causative,Yes,No,NA,NA,,,,,
14,--MED,MED del,HBA,1,0.09,Mediterranean,?,Causative,Yes,No,NA,NA,,,,,
15,HBA1:c.163C>G,Hb Mexico,HBA1,1,0.09,"Algerian, African, Indian, Mexican, Swedish",Benign/Likely benign (««),Causative,Yes,No,NA,NA,,,,,
16,HBA1:c.223G>C,Hb Q-Thailand,HBA1,1,0.09,"Chinese, Thai, Japanese",VUS / Likely Benign («),Causative,Yes,No,NA,NA,,,,,
17,HBA1:c.237delC,CD78 (-C),HBA1,1,0.09,African American,Pathogenic/Likely Pathogenic (««),Causative,Yes,Yes,0.0015711577,0,,,,,
18,HBA1:c.332C>T,Hb Montluel,HBA1,1,0.09,"British, French Caucasian",VUS  («),Causative,Yes,Yes,0.0007439554,0,,,,,
19,HBA1:c.358C>T,Hb Groene Hart,HBA1,1,0.09,"Moroccan, Algerian, Tunisian",Pathogenic/Likely Pathogenic (««),Causative,Yes,Yes,0.0030994681,0.13149244,,,,,
20,HBA1:c.43T>C,Hb Evanston,HBA1,1,0.09,Indian,Pathogenic/Likely Pathogenic (««),Causative,Yes,Yes,0.0076220472,0,,,,,
21,HBA2:c.*93_*94delAA,PolyA del,HBA2,1,0.09,"Asian, Indian, Thai, Malaysian",Pathogenic/Likely Pathogenic (««),Causative,Yes,No,NA,NA,,,,,
22,HBA2:c.349G>A,Hb O-Indonesia,HBA2,1,0.09,N/A  (Indonesia?),VUS / Likely Benign («),Causative,Yes,Yes,0.0005579174,0.03288392,,,,,
23,HBA2:c.427T>A,Hb Icaria,HBA2,1,0.09,Mediterranean,Pathogenic/Likely Pathogenic (««),Causative,Yes,Yes,0.000186537,0,,,,,
24,HBA2:c.69C>T,CD22 (silent),HBA2,1,0.09,Surinamese,Pathogenic/Likely Pathogenic (««),Causative,Yes,Yes,0.0025910031,0,,,,,
25,Hb G-Philadelphia,Hb G-Philadelphia,HBA,1,0.09,N/A  (Philadelphia?),?,Causative,Yes,No,NA,NA,,,,,
26,ααα(anti-3.7),anti-3.7 triplication,HBA,1,0.09,?,?,Causative,?,No,NA,NA,,,,,
27,HBB:c.92+5G>C,IVS I-5,HBB,95,24.61,"Asian Indian, SE Asian, Melanesian, Pakistani",Pathogenic («««),Causative,Yes,Yes,0.02915224,0.03305785,,,,,
28,HBB:c.20A>T,HbS,HBB,90,23.32,"African, Indian, and many other",?,Causative,Yes,Yes,0.2652345,0.38003966,,,,,
29,HBB:c.364G>C,Hb D-Punjab,HBB,31,8.03,"Australian, Chinese, Dutch, English, Greek, Indian, Pakistani, Turkish, Yugoslavian",Pathogenic/Likely Pathogenic (««),Causative,Yes,Yes,0.04442115,0.18145826,,,,,
30,HBB:c.93-22_95del,IVS I 25bp del,HBB,20,5.18,Iranian,Pathogenic (««),Causative,Yes,No,NA,NA,,,,,
31,HBB:c.-151C>T,-101 C>T,HBB,16,4.15,Mediterranean,Pathogenic (««),Causative,Yes,No,NA,NA,,,,,
32,HBB:c.79G>A,HbE,HBB,15,3.89,"SE Asian, European, Far East",Pathogenic (««),Causative,Yes,Yes,0.02237062,0.04952129,,,,,
33,HBB:c.-138C>A,-88 C>A,HBB,11,2.85,"Kurds, Pakistani",Pathogenic/Likely Pathogenic (««),Causative,Yes,No,NA,NA,,,,,
34,HBB:c.27dupG,CD 8/9 (+G),HBB,10,2.59,"Asian Indian, Japanese, Pakistani",Pathogenic (««),Causative,Yes,Yes,0.01301783,0.0330251,,,,,
35,HBB:c.93-21G>A,IVS I-110,HBB,10,2.59,"Mediterranean, Chinese",Pathogenic («««),Causative,Yes,Yes,0.01224983,0.19795447,,,,,
36,HBB:c.315+1G>A,IVS II-1,HBB,9,2.33,"Mediterranean, African-American, Pakistani",Pathogenic (««),Causative,Yes,Yes,0.003222983,0.09865176,,,,,
37,HBB:c.25_26delAA,CD 8 (-AA),HBB,7,1.81,Mediterranean,Pathogenic (««),Causative,Yes,Yes,0.0008678446,0.01651255,,,,,
38,HBB:c.92G>C,CD30 (G>C),HBB,6,1.55,"Mediterranean, African-American, N Africans, Kurds, UAE, African, Libyan, Tunisian, Pakistani",Pathogenic (««),Causative,Yes,Yes,0.004216448,0.01645278,,,,,
39,HBB:c.17_18delCT,CD 5 (-CT),HBB,5,1.3,"Mediterranean, Pakistani",Pathogenic (««),Causative,Yes,Yes,0.002358731,0.03303601,,,,,
40,HBB:c.316-106C>G,IVS II-745,HBB,5,1.3,Mediterranean,Pathogenic («««),Causative,Yes,No,NA,NA,,,,,
41,HBB:c.47G>A,CD15 (G>A),HBB,4,1.04,"Asian Indian, Japanese, Pakistani",Pathogenic (««),Causative,Yes,Yes,0.00322236,0,,,,,
42,HBB:c.92+1G>A,IVS I-1 G>A,HBB,4,1.04,Mediterranean,Pathogenic (««),Causative,Yes,Yes,0.004650067,0.0330251,,,,,
43,HBB:c.92+1G>T,IVS I-1 G>T,HBB,4,1.04,"Asian Indian, SE Asian, Chinese, Pakistani",Pathogenic (««),Causative,Yes,Yes,0.002790244,0,,,,,
44,HBB:g.71609_72227del619,619bp del,HBB,4,1.04,"Asian Indian, Pakistani",Pathogenic,Causative,Yes,No,NA,NA,,,,,
45,HBB:c.*110T>C,PolyA (AATAAA>AATAAG),HBB,3,0.78,"African-American, Turkish",Pathogenic (««),Causative,Yes,No,NA,NA,,,,,
46,HBB:c.-50A>C,CAP +1,HBB,3,0.78,"Asian Indians, Pakistani",Pathogenic/Likely Pathogenic (««),Causative,Yes,Yes,0.00657427,0,,,,,
47,HBB:c.126_129delCTTT,CD 41/42,HBB,3,0.78,"Chinese, SE Asian, Indian, Thai",Pathogenic/Likely Pathogenic (««),Causative,Yes,Yes,0.009231059,0,,,,,
48,HBB:c.135delC,CD 44 (-C),HBB,3,0.78,Kurdish,Pathogenic/Likely Pathogenic (««),Causative,Yes,Yes,0.0005575718,0.04948862,,,,,
49,HBB:c.67G>C,CD22 (G>C),HBB,3,0.78,"Iranian, Italian, Jamaican, Pakistani",VUS / Likely Benign («),Causative,Yes,Yes,0.003036338,0,,,,,
50,HBB:c.-137C>G,-87 C>G,HBB,2,0.52,Mediterranean,Pathogenic («««),Causative,Yes,No,NA,NA,,,,,
51,HBB:c.112delT,CD 36/37 (-T),HBB,2,0.52,"Kurd, Iranian",Pathogenic (««),Causative,Yes,Yes,0.0001858596,0.01649621,,,,,
52,HBB:c.118C>T,CD39 Stop,HBB,2,0.52,Mediterranean,Pathogenic (««),Causative,Yes,Yes,0.01573601,0.06598482,,,,,
53,HBB:c.364G>A,Hb O-Arab,HBB,2,0.52,"African, Arabian, Egyptian, Balkanese",?,Causative,Yes,Yes,0.0008674209,0,,,,,
54,HBB:c.90C>T,CD29 (silent),HBB,2,0.52,Lebanese,Pathogenic/Likely Pathogenic (««),Causative,Yes,Yes,0.000310071,0.01651255,,,,,
55,Hb Lepore,Hb Lepore,HBB,2,0.52,?,Pathogenic («),?,Yes,No,NA,NA,,,,,
56,HBB:c.-78A>C,-28 A>C,HBB,1,0.26,"Kurdish, Spanish",Pathogenic («««),Causative,Yes,No,NA,NA,,,,,
57,HBB:c.108delC,CD 35 (-C),HBB,1,0.26,	Malay,?,Causative,Yes,No,NA,NA,,,,,
58,HBB:c.128T>C,Hb Hammersmith,HBB,1,0.26,"African-American, American Indian, Caucasian, English, Japanese",Pathogenic (««),Causative,Yes,No,NA,NA,,,,,
59,HBB:c.19G>A,HbC,HBB,1,0.26,African,?,Causative,Yes,Yes,0.0736175,0.06607202,,,,,
60,HBB:c.251delG,CD 82/83 (-G),HBB,1,0.26,"Azerbaijanian, Czech, Croatian",Pathogenic (««),Causative,Yes,Yes,6.195165e-05,0,,,,,
61,HBB:c.2T>C,Init CD,HBB,1,0.26,Yugoslavian,Pathogenic (««),Causative,Yes,Yes,0.0001254519,0,,,,,
62,HBB:c.316-14T>G,IVS II-837,HBB,1,0.26,Asian Indian,Pathogenic/Likely Pathogenic (««),Causative,Yes,Yes,0.0004337449,0,,,,,
63,HBB:c.316-30A>C,IVS II-821,HBB,1,0.26,"Kurdish, Cypriot",VUS / Likely Benign («),Causative,Yes,Yes,0.006198306,0.06598482,,,,,
64,HBB:c.316-3C>A,IVS II-848,HBB,1,0.26,"African-American, Egyptian, Iranian, Syrian",Pathogenic/Likely Pathogenic (««),Causative,Yes,Yes,0.0001858893,0,,,,,
65,HBB:c.351T>G,Hb Hafnia,HBB,1,0.26,Danish,?,Causative,Yes,No,NA,NA,,,,,
66,HBB:c.48G>A,CD15 Stop-2,HBB,1,0.26,"Portuguese, Japanese",Pathogenic (««),Causative,Yes,Yes,0.0002478594,0,,,,,
67,HBB:c.52A>T,CD17 Stop,HBB,1,0.26,"Chinese, Japanese, Thai",Pathogenic («««),Causative,Yes,Yes,0.001177189,0,,,,,
68,HBB:c.92+6T>C,IVS I-6,HBB,1,0.26,"Mediterranean, Chinese",Pathogenic (««),Causative,Yes,Yes,0.007381401,0.23125206,,,,,
,,,,,,,,,,,,,,,,,
