Sample,Tool,Chromosome,Position,Ref,Alt,HGVS,Gene,Consequence,Genotype,Quality
SRR37686269,Clair3,chr11,5225469,A,T,ENST00000335295.4:c.*129T>A,HBB,3_prime_UTR_variant,0|1,22.56
SRR37686269,Clair3,chr11,5227003,C,T,ENST00000335295.4:c.19G>A,HBB,missense_variant,1|0,17.74
SRR37686269,Clair3,chr11,5227599,T,A,ENST00000380315.2:c.-86-20A>T,HBB,intron_variant,0|1,17.17
SRR37686269,Clair3,chr11,5227612,G,A,ENST00000380315.2:c.-86-33C>T,HBB,intron_variant,1/1,14.25
SRR37686269,Clair3,chr11,5227622,A,G,ENST00000380315.2:c.-86-43T>C,HBB,intron_variant,0|1,22.05
SRR37686269,Clair3,chr11,5227774,A,G,ENST00000380315.2:c.-86-195T>C,HBB,intron_variant,0|1,22.24
SRR37686269,Clair3,chr16,172870,G,C,ENST00000866237.2:c.-43G>C,HBA2,5_prime_UTR_variant,1/1,21.8
SRR37686273,Clair3,chr11,5226496,G,A,ENST00000335295.4:c.315+81C>T,HBB,intron_variant,0|1,21.36
SRR37686273,Clair3,chr11,5227013,A,G,ENST00000335295.4:c.9T>C,HBB,synonymous_variant,0|1,20.53
SRR37686273,Clair3,chr11,5227411,G,A,ENST00000380315.2:c.-19+101C>T,HBB,intron_variant,0|1,19.12
SRR37686273,Clair3,chr11,5227540,G,A,ENST00000380315.2:c.-47C>T,HBB,5_prime_UTR_variant,1/1,32.95
SRR37686273,Clair3,chr11,5227599,T,A,ENST00000380315.2:c.-86-20A>T,HBB,intron_variant,0|1,10.36
SRR37686273,Clair3,chr11,5227612,G,A,ENST00000380315.2:c.-86-33C>T,HBB,intron_variant,1/1,16.68
SRR37686273,Clair3,chr11,5227622,A,G,ENST00000380315.2:c.-86-43T>C,HBB,intron_variant,0|1,21.09
SRR37686273,Clair3,chr11,5227774,A,G,ENST00000380315.2:c.-86-195T>C,HBB,intron_variant,0|1,21.44
SRR37686273,Clair3,chr16,172870,G,C,ENST00000866237.2:c.-43G>C,HBA2,5_prime_UTR_variant,1/1,20.86
SRR37686273,Clair3,chr16,173707,A,G,ENST00000251595.11:c.*107A>G,HBA2,3_prime_UTR_variant,1/1,12.64
SRR37686273,Clair3,chr16,173800,C,G,ENST00001097508.1:c.*200C>G,HBA2,3_prime_UTR_variant,1/1,2.41
SRR37686273,Clair3,chr16,176800,G,T,ENST00000320868.9:c.84G>T,HBA1,missense_variant,0/1,20.63
SRR37686273,Sniffles,chr16,173686,TTGAATAAAGTCTGAGTGGG...,DEL,unknown_DEL_2910bp,HBA,SV_DEL_-2910bp,0/1,47
SRR37686273,Sniffles,chr16,173849,GGTGGGCCTGCTCAAGAGAA...,DEL,unknown_DEL_2241bp,HBA,SV_DEL_-2241bp,0/1,45
SRR37686273,Sniffles,chr16,176155,TGAGTTCCTATGGGCCAGGG...,DEL,unknown_DEL_441bp,HBA,SV_DEL_-441bp,0/1,43
SRR37686273,CuteSV,chr16,173886,GTCCTGAGAGGTGCCAGGCC...,DEL,unknown_DEL_2165bp,HBA,SV_DEL_-2165bp,./.,.
SRR37686273,CuteSV,chr16,177046,GCGCACGTGGACGACATGCC...,DEL,unknown_DEL_99bp,HBA,SV_DEL_-99bp,0/0,0.1
SRR37686273,CIGAR,chr16,,,DEL,Italian HS1,HBA,DEL_2910bp_frac_0.70,HET,
SRR37686269,Coverage,,,,,,HBA_mean_depth,823.555,,
SRR37686269,Coverage,,,,,,HBB_mean_depth,538.658,,
SRR37686269,Coverage,,,,,,HBA_HBB_ratio,0.0000,,
SRR37686269,Coverage,,,,,,HBB_median_depth,642.000,,
SRR37686273,Coverage,,,,,,HBA_mean_depth,16055.299,,
SRR37686273,Coverage,,,,,,HBB_mean_depth,6183.867,,
SRR37686273,Coverage,,,,,,HBA_HBB_ratio,0.0009,,
SRR37686273,Coverage,,,,,,HBB_median_depth,7410.000,,
